Auto-update on Sat May 24 06:53:53 UTC 2025
Auto-update on Sun May 25 03:37:27 UTC 2025
Auto-update on Mon May 26 03:35:21 UTC 2025
Auto-update on Tue May 27 03:31:02 UTC 2025
Auto-update on Wed May 28 03:32:35 UTC 2025
Auto-update on Thu May 29 03:33:35 UTC 2025
Auto-update on Fri May 30 03:31:49 UTC 2025
Auto-update on Sat May 31 03:29:46 UTC 2025
Auto-update on Sun Jun  1 03:52:28 UTC 2025
Auto-update on Mon Jun  2 03:41:38 UTC 2025
Auto-update on Tue Jun  3 03:35:39 UTC 2025
Auto-update on Wed Jun  4 03:36:18 UTC 2025
Auto-update on Thu Jun  5 03:36:58 UTC 2025
Auto-update on Fri Jun  6 03:36:04 UTC 2025
Auto-update on Sat Jun  7 03:32:43 UTC 2025
Auto-update on Sun Jun  8 03:41:54 UTC 2025
Auto-update on Mon Jun  9 03:42:02 UTC 2025
Auto-update on Tue Jun 10 03:37:59 UTC 2025
Auto-update on Wed Jun 11 03:37:29 UTC 2025
Auto-update on Thu Jun 12 03:36:29 UTC 2025
Auto-update on Fri Jun 13 03:37:34 UTC 2025
Auto-update on Sat Jun 14 03:31:57 UTC 2025
Auto-update on Sun Jun 15 03:42:06 UTC 2025
Auto-update on Mon Jun 16 03:42:51 UTC 2025
Auto-update on Tue Jun 17 03:37:33 UTC 2025
Auto-update on Wed Jun 18 03:37:15 UTC 2025
Auto-update on Thu Jun 19 03:37:29 UTC 2025
Auto-update on Fri Jun 20 03:36:35 UTC 2025
Auto-update on Sat Jun 21 03:33:11 UTC 2025
Auto-update on Sun Jun 22 03:43:36 UTC 2025
Auto-update on Mon Jun 23 03:46:03 UTC 2025
Auto-update on Tue Jun 24 03:38:47 UTC 2025
Auto-update on Wed Jun 25 01:47:50 UTC 2025
Auto-update on Thu Jun 26 01:46:35 UTC 2025
Auto-update on Fri Jun 27 01:47:48 UTC 2025
Auto-update on Sat Jun 28 01:43:38 UTC 2025
Auto-update on Sun Jun 29 01:56:36 UTC 2025
Auto-update on Mon Jun 30 01:52:23 UTC 2025
Auto-update on Tue Jul  1 01:57:50 UTC 2025
Auto-update on Wed Jul  2 01:47:06 UTC 2025
Auto-update on Thu Jul  3 01:47:27 UTC 2025
Auto-update on Fri Jul  4 01:47:13 UTC 2025
Auto-update on Sat Jul  5 01:43:09 UTC 2025
Auto-update on Sun Jul  6 01:55:17 UTC 2025
Auto-update on Mon Jul  7 01:52:52 UTC 2025
Auto-update on Tue Jul  8 01:48:06 UTC 2025
Auto-update on Wed Jul  9 01:49:14 UTC 2025
Auto-update on Thu Jul 10 01:49:17 UTC 2025
Auto-update on Fri Jul 11 01:51:16 UTC 2025
Auto-update on Sat Jul 12 01:52:35 UTC 2025
Auto-update on Sun Jul 13 02:00:38 UTC 2025
Auto-update on Mon Jul 14 01:55:52 UTC 2025
Auto-update on Tue Jul 15 01:56:02 UTC 2025
Auto-update on Wed Jul 16 01:52:48 UTC 2025
Auto-update on Thu Jul 17 01:53:16 UTC 2025
Auto-update on Fri Jul 18 01:55:04 UTC 2025
Auto-update on Sat Jul 19 01:49:17 UTC 2025
Auto-update on Sun Jul 20 02:01:56 UTC 2025
Auto-update on Mon Jul 21 01:59:19 UTC 2025
Auto-update on Tue Jul 22 01:53:49 UTC 2025
Auto-update on Wed Jul 23 01:54:51 UTC 2025
Auto-update on Thu Jul 24 01:53:52 UTC 2025
Auto-update on Fri Jul 25 01:53:28 UTC 2025
Auto-update on Sat Jul 26 01:49:57 UTC 2025
Auto-update on Sun Jul 27 02:02:44 UTC 2025
Auto-update on Mon Jul 28 02:00:26 UTC 2025
Auto-update on Tue Jul 29 02:06:09 UTC 2025
Auto-update on Wed Jul 30 01:56:30 UTC 2025
Auto-update on Thu Jul 31 01:56:13 UTC 2025
Auto-update on Fri Aug  1 02:06:26 UTC 2025
Auto-update on Sat Aug  2 01:50:33 UTC 2025
Auto-update on Sun Aug  3 02:04:11 UTC 2025
Auto-update on Mon Aug  4 02:04:30 UTC 2025
Auto-update on Tue Aug  5 01:59:03 UTC 2025
Auto-update on Wed Aug  6 01:57:10 UTC 2025
Auto-update on Thu Aug  7 01:57:34 UTC 2025
Auto-update on Fri Aug  8 01:56:59 UTC 2025
Auto-update on Sat Aug  9 01:46:47 UTC 2025
Auto-update on Sun Aug 10 02:00:45 UTC 2025
Auto-update on Mon Aug 11 01:57:05 UTC 2025
Auto-update on Tue Aug 12 01:45:59 UTC 2025
Auto-update on Wed Aug 13 01:47:55 UTC 2025
Auto-update on Thu Aug 14 01:48:22 UTC 2025
Auto-update on Fri Aug 15 01:48:51 UTC 2025
Auto-update on Sat Aug 16 01:43:21 UTC 2025
Auto-update on Sun Aug 17 01:54:07 UTC 2025
Auto-update on Mon Aug 18 01:54:46 UTC 2025
Auto-update on Tue Aug 19 01:42:35 UTC 2025
Auto-update on Wed Aug 20 01:41:06 UTC 2025
Auto-update on Thu Aug 21 01:40:22 UTC 2025
Auto-update on Fri Aug 22 01:40:39 UTC 2025
Auto-update on Sat Aug 23 01:37:22 UTC 2025
Auto-update on Sun Aug 24 01:50:00 UTC 2025
Auto-update on Mon Aug 25 01:44:47 UTC 2025
Auto-update on Tue Aug 26 01:41:38 UTC 2025
Auto-update on Wed Aug 27 01:38:29 UTC 2025
Auto-update on Thu Aug 28 01:38:05 UTC 2025
Auto-update on Fri Aug 29 01:37:52 UTC 2025
Auto-update on Sat Aug 30 01:25:33 UTC 2025
Auto-update on Sun Aug 31 01:42:25 UTC 2025
Auto-update on Mon Sep  1 01:51:55 UTC 2025
Auto-update on Tue Sep  2 01:39:31 UTC 2025
Auto-update on Wed Sep  3 01:25:32 UTC 2025
Auto-update on Thu Sep  4 01:25:30 UTC 2025
Auto-update on Fri Sep  5 01:35:43 UTC 2025
Auto-update on Sat Sep  6 01:25:33 UTC 2025
Auto-update on Sun Sep  7 01:40:40 UTC 2025
Auto-update on Mon Sep  8 01:40:33 UTC 2025
Auto-update on Tue Sep  9 01:37:20 UTC 2025
Auto-update on Wed Sep 10 01:26:27 UTC 2025
Auto-update on Thu Sep 11 01:36:12 UTC 2025
Auto-update on Fri Sep 12 01:25:21 UTC 2025
Auto-update on Sat Sep 13 01:21:49 UTC 2025
Auto-update on Sun Sep 14 01:40:06 UTC 2025
Auto-update on Mon Sep 15 01:41:28 UTC 2025
Auto-update on Tue Sep 16 01:26:03 UTC 2025
Auto-update on Wed Sep 17 01:26:11 UTC 2025
Auto-update on Thu Sep 18 01:26:06 UTC 2025
Auto-update on Fri Sep 19 01:36:20 UTC 2025
Auto-update on Sat Sep 20 01:24:46 UTC 2025
Auto-update on Sun Sep 21 01:42:48 UTC 2025
Auto-update on Mon Sep 22 01:42:44 UTC 2025
Auto-update on Tue Sep 23 01:26:53 UTC 2025
Auto-update on Wed Sep 24 01:27:34 UTC 2025
Auto-update on Thu Sep 25 01:36:25 UTC 2025
Auto-update on Fri Sep 26 01:27:37 UTC 2025
Auto-update on Sat Sep 27 01:24:25 UTC 2025
Auto-update on Sun Sep 28 01:43:33 UTC 2025
Auto-update on Mon Sep 29 01:38:24 UTC 2025
Auto-update on Tue Sep 30 01:27:23 UTC 2025
Auto-update on Wed Oct  1 01:45:17 UTC 2025
Auto-update on Thu Oct  2 01:26:18 UTC 2025
Auto-update on Fri Oct  3 01:26:03 UTC 2025
Auto-update on Sat Oct  4 01:23:36 UTC 2025
Auto-update on Sun Oct  5 01:42:51 UTC 2025
Auto-update on Mon Oct  6 01:36:53 UTC 2025
Auto-update on Tue Oct  7 01:27:01 UTC 2025
Auto-update on Wed Oct  8 01:27:29 UTC 2025
Auto-update on Thu Oct  9 01:27:41 UTC 2025
Auto-update on Fri Oct 10 01:36:16 UTC 2025
Auto-update on Sat Oct 11 01:24:37 UTC 2025
Auto-update on Sun Oct 12 01:39:04 UTC 2025
Auto-update on Mon Oct 13 01:42:06 UTC 2025
Auto-update on Tue Oct 14 01:27:54 UTC 2025
Auto-update on Wed Oct 15 01:38:56 UTC 2025
Auto-update on Thu Oct 16 01:37:57 UTC 2025
Auto-update on Fri Oct 17 01:36:54 UTC 2025
Auto-update on Sat Oct 18 01:25:02 UTC 2025
Auto-update on Sun Oct 19 01:47:39 UTC 2025
Auto-update on Mon Oct 20 01:45:10 UTC 2025
Auto-update on Tue Oct 21 01:39:35 UTC 2025
Auto-update on Wed Oct 22 01:42:37 UTC 2025
Auto-update on Thu Oct 23 01:38:44 UTC 2025
Auto-update on Fri Oct 24 01:27:03 UTC 2025
Auto-update on Sat Oct 25 01:36:20 UTC 2025
Auto-update on Sun Oct 26 01:44:12 UTC 2025
Auto-update on Mon Oct 27 01:48:07 UTC 2025
Auto-update on Tue Oct 28 01:38:22 UTC 2025
Auto-update on Wed Oct 29 01:44:46 UTC 2025
Auto-update on Thu Oct 30 01:44:02 UTC 2025
Auto-update on Fri Oct 31 01:41:16 UTC 2025
Auto-update on Sat Nov  1 01:44:49 UTC 2025
Auto-update on Sun Nov  2 01:46:22 UTC 2025
Auto-update on Mon Nov  3 01:46:18 UTC 2025
Auto-update on Tue Nov  4 01:42:11 UTC 2025
Auto-update on Wed Nov  5 01:43:03 UTC 2025
Auto-update on Thu Nov  6 01:42:50 UTC 2025
Auto-update on Fri Nov  7 01:42:08 UTC 2025
Auto-update on Sat Nov  8 01:36:36 UTC 2025
Auto-update on Sun Nov  9 01:45:42 UTC 2025
Auto-update on Mon Nov 10 01:46:52 UTC 2025
Auto-update on Tue Nov 11 01:43:36 UTC 2025
Auto-update on Wed Nov 12 01:42:59 UTC 2025
Auto-update on Thu Nov 13 01:44:20 UTC 2025
Auto-update on Fri Nov 14 01:43:44 UTC 2025
Auto-update on Sat Nov 15 01:39:48 UTC 2025
Auto-update on Sun Nov 16 01:48:24 UTC 2025
Auto-update on Mon Nov 17 01:44:34 UTC 2025
Auto-update on Tue Nov 18 01:42:30 UTC 2025
Auto-update on Wed Nov 19 01:43:03 UTC 2025
Auto-update on Thu Nov 20 01:41:25 UTC 2025
Auto-update on Fri Nov 21 01:42:20 UTC 2025
Auto-update on Sat Nov 22 01:38:41 UTC 2025
Auto-update on Sun Nov 23 01:55:21 UTC 2025
Auto-update on Mon Nov 24 01:50:00 UTC 2025
Auto-update on Tue Nov 25 01:44:16 UTC 2025
Auto-update on Wed Nov 26 01:43:47 UTC 2025
Auto-update on Thu Nov 27 01:42:18 UTC 2025
Auto-update on Fri Nov 28 01:42:09 UTC 2025
Auto-update on Sat Nov 29 01:41:31 UTC 2025
Auto-update on Sun Nov 30 01:54:10 UTC 2025
Auto-update on Mon Dec  1 02:02:02 UTC 2025
Auto-update on Tue Dec  2 01:46:05 UTC 2025
Auto-update on Wed Dec  3 01:45:47 UTC 2025
Auto-update on Thu Dec  4 01:46:40 UTC 2025
Auto-update on Fri Dec  5 01:46:53 UTC 2025
Auto-update on Sat Dec  6 01:40:54 UTC 2025
Auto-update on Sun Dec  7 01:54:47 UTC 2025
Auto-update on Mon Dec  8 01:47:34 UTC 2025
Auto-update on Tue Dec  9 01:46:47 UTC 2025
Auto-update on Wed Dec 10 01:48:42 UTC 2025
Auto-update on Thu Dec 11 01:49:54 UTC 2025
Auto-update on Fri Dec 12 01:49:02 UTC 2025
Auto-update on Sat Dec 13 01:43:24 UTC 2025
Auto-update on Sun Dec 14 01:55:16 UTC 2025
Auto-update on Mon Dec 15 01:53:05 UTC 2025
Auto-update on Tue Dec 16 01:49:59 UTC 2025
Auto-update on Wed Dec 17 01:45:34 UTC 2025
Auto-update on Thu Dec 18 01:45:50 UTC 2025
Auto-update on Fri Dec 19 01:49:08 UTC 2025
Auto-update on Sat Dec 20 01:43:33 UTC 2025
Auto-update on Sun Dec 21 01:55:18 UTC 2025
Auto-update on Mon Dec 22 01:54:47 UTC 2025
Auto-update on Tue Dec 23 01:50:07 UTC 2025
Auto-update on Wed Dec 24 01:48:38 UTC 2025
Auto-update on Thu Dec 25 01:50:16 UTC 2025
Auto-update on Fri Dec 26 01:49:37 UTC 2025
Auto-update on Sat Dec 27 01:47:34 UTC 2025
Auto-update on Sun Dec 28 02:00:46 UTC 2025
Auto-update on Mon Dec 29 01:58:54 UTC 2025
Auto-update on Tue Dec 30 01:50:38 UTC 2025
Auto-update on Wed Dec 31 01:51:23 UTC 2025
Auto-update on Thu Jan  1 02:01:33 UTC 2026
Auto-update on Fri Jan  2 01:52:32 UTC 2026
Auto-update on Sat Jan  3 01:46:43 UTC 2026
Auto-update on Sun Jan  4 02:02:22 UTC 2026
Auto-update on Mon Jan  5 02:02:09 UTC 2026
Auto-update on Tue Jan  6 01:52:45 UTC 2026
Auto-update on Wed Jan  7 01:52:29 UTC 2026
Auto-update on Thu Jan  8 01:52:42 UTC 2026
Auto-update on Fri Jan  9 01:53:52 UTC 2026
Auto-update on Sat Jan 10 01:49:41 UTC 2026
Auto-update on Sun Jan 11 02:02:25 UTC 2026
Auto-update on Mon Jan 12 01:58:32 UTC 2026
Auto-update on Tue Jan 13 01:50:13 UTC 2026
Auto-update on Wed Jan 14 01:57:18 UTC 2026
Auto-update on Thu Jan 15 01:52:42 UTC 2026
Auto-update on Fri Jan 16 01:54:16 UTC 2026
Auto-update on Sat Jan 17 01:48:34 UTC 2026
Auto-update on Sun Jan 18 02:00:52 UTC 2026
Auto-update on Mon Jan 19 01:59:04 UTC 2026
Auto-update on Tue Jan 20 01:54:16 UTC 2026
Auto-update on Wed Jan 21 01:56:33 UTC 2026
Auto-update on Thu Jan 22 01:57:38 UTC 2026
Auto-update on Fri Jan 23 01:53:41 UTC 2026
Auto-update on Sat Jan 24 01:50:24 UTC 2026
Auto-update on Sun Jan 25 02:04:26 UTC 2026
Auto-update on Mon Jan 26 02:03:41 UTC 2026
Auto-update on Tue Jan 27 02:00:23 UTC 2026
Auto-update on Wed Jan 28 01:56:23 UTC 2026
Auto-update on Thu Jan 29 02:10:26 UTC 2026
Auto-update on Fri Jan 30 02:10:45 UTC 2026
Auto-update on Sat Jan 31 02:06:31 UTC 2026
Auto-update on Sun Feb  1 02:35:49 UTC 2026
Auto-update on Mon Feb  2 02:26:50 UTC 2026
Auto-update on Tue Feb  3 02:24:49 UTC 2026
Auto-update on Wed Feb  4 02:11:56 UTC 2026
Auto-update on Thu Feb  5 02:13:17 UTC 2026
Auto-update on Fri Feb  6 02:20:26 UTC 2026
Auto-update on Sat Feb  7 02:09:35 UTC 2026
Auto-update on Sun Feb  8 02:42:36 UTC 2026
